phase,algorithm,stage_count,trial_count,solved_count,matched_count,mean_runtime_ms,median_runtime_ms,p95_runtime_ms,mean_peak_memory_kib,median_peak_memory_kib,p95_peak_memory_kib,mean_expanded_states,mean_visited_states
optimal_bound,BFS(bound),320,1600,1600,1600,1.352561,0.8494,3.395305,9.423608,9.40625,12.828125,48.91875,49.759375
optimal_bound,DLS(bound),320,1600,1600,1600,4.598064,2.4433,15.19653,10.402563,9.597656,13.866016,394.2375,47.603125
optimal_bound,IDS(bound),320,1600,1600,1600,36.523939,14.5208,124.798,7.627075,7.4375,10.769922,3035.61875,44.39375
standard,BFS,320,1600,1600,1600,1.419885,0.8403,3.439405,9.345093,9.292969,12.648438,48.91875,50.0625
standard,DFS,320,1600,1600,470,1.036537,0.6012,2.3978,7.3629,6.6875,10.664843,33.8375,42.04375
standard,IDS,320,1600,1600,1600,36.976632,14.16175,124.581785,7.627075,7.4375,10.769922,3035.61875,44.39375
